ID,NAME,EMAIL,CREATED_AT,_DLT_LOAD_ID,_DLT_ID
33,Alice85,alice85@example.com,2025-08-11 12:00:02.000 Z,1754892557.7873726,D42DDEk9zuemxQ
34,Charlie88,charlie88@example.com,2025-08-11 12:05:01.000 Z,1754892557.7873726,Kp2z5Uvvwxnv6A
35,Evan98,evan98@example.com,2025-08-11 12:10:01.000 Z,1754892557.7873726,BL8YaOpDdJwuJA
36,Charlie65,charlie65@example.com,2025-08-11 12:15:01.000 Z,1754892557.7873726,VXcwwOtwBi/Hbw
37,Fiona49,fiona49@example.com,2025-08-11 12:20:01.000 Z,1754892557.7873726,83ksgiDz3a613A
38,Fiona75,fiona75@example.com,2025-08-11 12:25:01.000 Z,1754892557.7873726,CquMxtjmhLgNYQ
39,Charlie51,charlie51@example.com,2025-08-11 12:30:01.000 Z,1754892557.7873726,55OSiXZjapqwtQ
40,Fiona79,fiona79@example.com,2025-08-11 12:35:01.000 Z,1754892557.7873726,Bius14XC3FqFRg
41,Charlie99,charlie99@example.com,2025-08-11 12:40:01.000 Z,1754892557.7873726,2KkQXJFmPl10ZA
42,Diana82,diana82@example.com,2025-08-11 12:45:01.000 Z,1754892557.7873726,Excc34iQbser4Q
43,Charlie65,charlie65@example.com,2025-08-11 12:50:01.000 Z,1754892557.7873726,kYBVNfpMou98VQ
